<?xml version="1.0"?>
<entries><entry><deviceTime>2025-04-27T15:38:31.300519</deviceTime><serverTime>2025-04-27 15:38:31</serverTime><light>44.6</light><power>40.8</power><collision>0</collision><threshold>60</threshold></entry><entry><deviceTime>2025-04-27T15:39:31.676802</deviceTime><serverTime>2025-04-27 15:39:31</serverTime><light>44.8</light><power>-30.1</power><collision>0</collision><threshold>60</threshold></entry><entry><deviceTime>2025-04-27T15:40:32.050805</deviceTime><serverTime>2025-04-27 15:40:32</serverTime><light>45.3</light><power>23.8</power><collision>0</collision><threshold>60</threshold></entry><entry><deviceTime>2025-04-27T15:41:32.424366</deviceTime><serverTime>2025-04-27 15:41:32</serverTime><light>45</light><power>105</power><collision>0</collision><threshold>60</threshold></entry><entry><deviceTime>2025-04-27T15:42:32.803384</deviceTime><serverTime>2025-04-27 15:42:32</serverTime><light>45.2</light><power>13.4</power><collision>0</collision><threshold>60</threshold></entry><entry><deviceTime>2025-04-27T15:42:47.313343</deviceTime><serverTime>2025-04-27 15:42:47</serverTime><light>45.1</light><power>13.4</power><collision>1</collision><threshold>60</threshold></entry></entries>
