<?xml version='1.0' encoding='UTF-8'?> 
<records>
<record><temperature>105</temperature><date>19-03-2024 13:43:18</date></record>

<record><temperature>106</temperature><date>19-03-2024 13:44:47</date></record>

<record><temperature>109</temperature><date>19-03-2024 13:44:51</date></record>

<record><temperature>111</temperature><date>19-03-2024 13:44:59</date></record>

<record><temperature>112</temperature><date>19-03-2024 13:45:05</date></record>

<record><temperature>112</temperature><date>19-03-2024 13:45:09</date></record>

<record><temperature>112</temperature><date>19-03-2024 13:45:11</date></record>

<record><temperature>113</temperature><date>19-03-2024 13:52:57</date></record>

<record><temperature>115</temperature><date>19-03-2024 13:53:05</date></record>

<record><temperature>24.984375</temperature><date>19-03-2024 13:58:32</date></record>

<record><temperature>25.015625</temperature><date>19-03-2024 13:58:37</date></record>

<record><temperature>24.984375</temperature><date>19-03-2024 13:58:42</date></record>

<record><temperature>25.0</temperature><date>19-03-2024 13:58:47</date></record>

<record><temperature>24.984375</temperature><date>19-03-2024 13:58:52</date></record>

<record><temperature>33.140625</temperature><date>19-03-2024 13:58:57</date></record>

<record><temperature>81.640625</temperature><date>19-03-2024 13:59:02</date></record>

<record><temperature>63.0625</temperature><date>19-03-2024 13:59:07</date></record>

<record><temperature>58.359375</temperature><date>19-03-2024 13:59:12</date></record>

<record><temperature>58.359375</temperature><date>19-03-2024 13:59:17</date></record>

<record><temperature>92.390625</temperature><date>19-03-2024 13:59:22</date></record>

<record><temperature>92.390625</temperature><date>19-03-2024 13:59:27</date></record>

<record><temperature>92.390625</temperature><date>19-03-2024 13:59:32</date></record>

<record><temperature>92.390625</temperature><date>19-03-2024 13:59:37</date></record>

<record><temperature>92.390625</temperature><date>19-03-2024 13:59:42</date></record>

<record><temperature>92.390625</temperature><date>19-03-2024 13:59:47</date></record>

<record><temperature>92.390625</temperature><date>19-03-2024 13:59:52</date></record>

<record><temperature>92.390625</temperature><date>19-03-2024 13:59:57</date></record>

<record><temperature>92.390625</temperature><date>19-03-2024 14:00:02</date></record>

<record><temperature>92.390625</temperature><date>19-03-2024 14:00:07</date></record>

<record><temperature>92.390625</temperature><date>19-03-2024 14:00:12</date></record>

<record><temperature>92.390625</temperature><date>19-03-2024 14:00:17</date></record>

<record><temperature>92.390625</temperature><date>19-03-2024 14:00:22</date></record>

<record><temperature>92.390625</temperature><date>19-03-2024 14:00:27</date></record>

<record><temperature>92.390625</temperature><date>19-03-2024 14:00:32</date></record>
</records>
