<?xml version="1.0" encoding="UTF-8"?>
<channel>
  <id type="integer">752954</id>
  <name>UTAS Labs</name>
  <latitude type="decimal">0.0</latitude>
  <longitude type="decimal">0.0</longitude>
  <field1>LDR</field1>
  <field2>LDR</field2>
  <field3>LDR</field3>
  <created-at type="dateTime">2019-04-08T13:41:44+10:00</created-at>
  <updated-at type="dateTime">2019-04-08T13:42:16+10:00</updated-at>
  <last-entry-id type="integer">91748</last-entry-id>
  <feeds type="array">
    <feed>
      <created-at type="dateTime">2020-04-25T00:04:57+10:00</created-at>
      <entry-id type="integer">91278</entry-id>
      <field2>70</field2>
    </feed>
    <feed>
      <created-at type="dateTime">2020-04-25T00:09:58+10:00</created-at>
      <entry-id type="integer">91279</entry-id>
      <field2>69</field2>
    </feed>
    <feed>
      <created-at type="dateTime">2020-04-25T00:14:59+10:00</created-at>
      <entry-id type="integer">91280</entry-id>
      <field2>70</field2>
    </feed>
    <feed>
      <created-at type="dateTime">2020-04-25T00:20:00+10:00</created-at>
      <entry-id type="integer">91281</entry-id>
      <field2>70</field2>
    </feed>
    <feed>
      <created-at type="dateTime">2020-04-25T00:25:01+10:00</created-at>
      <entry-id type="integer">91282</entry-id>
      <field2>70</field2>
    </feed>
    <feed>
      <created-at type="dateTime">2020-04-25T00:30:01+10:00</created-at>
      <entry-id type="integer">91283</entry-id>
      <field2>70</field2>
    </feed>
    <feed>
      <created-at type="dateTime">2020-04-25T00:35:02+10:00</created-at>
      <entry-id type="integer">91284</entry-id>
      <field2>68</field2>
    </feed>
    <feed>
      <created-at type="dateTime">2020-04-25T00:40:03+10:00</created-at>
      <entry-id type="integer">91285</entry-id>
      <field2>69</field2>
    </feed>
    <feed>
      <created-at type="dateTime">2020-04-25T00:45:04+10:00</created-at>
      <entry-id type="integer">91286</entry-id>
      <field2>68</field2>
    </feed>
    <feed>
      <created-at type="dateTime">2020-04-25T00:50:05+10:00</created-at>
      <entry-id type="integer">91287</entry-id>
      <field2>70</field2>
    </feed>
    <feed>
      <created-at type="dateTime">2020-04-25T00:55:06+10:00</created-at>
      <entry-id type="integer">91288</entry-id>
      <field2>70</field2>
    </feed>
    <feed>
      <created-at type="dateTime">2020-04-25T01:00:06+10:00</created-at>
      <entry-id type="integer">91289</entry-id>
      <field2>69</field2>
    </feed>
    <feed>
      <created-at type="dateTime">2020-04-25T01:05:07+10:00</created-at>
      <entry-id type="integer">91290</entry-id>
      <field2>69</field2>
    </feed>
    <feed>
      <created-at type="dateTime">2020-04-25T01:10:08+10:00</created-at>
      <entry-id type="integer">91291</entry-id>
      <field2>70</field2>
    </feed>
    <feed>
      <created-at type="dateTime">2020-04-25T01:15:09+10:00</created-at>
      <entry-id type="integer">91292</entry-id>
      <field2>69</field2>
    </feed>
    <feed>
      <created-at type="dateTime">2020-04-25T01:20:10+10:00</created-at>
      <entry-id type="integer">91293</entry-id>
      <field2>69</field2>
    </feed>
    <feed>
      <created-at type="dateTime">2020-04-25T01:25:10+10:00</created-at>
      <entry-id type="integer">91294</entry-id>
      <field2>69</field2>
    </feed>
    <feed>
      <created-at type="dateTime">2020-04-25T01:30:11+10:00</created-at>
      <entry-id type="integer">91295</entry-id>
      <field2>70</field2>
    </feed>
    <feed>
      <created-at type="dateTime">2020-04-25T01:35:12+10:00</created-at>
      <entry-id type="integer">91296</entry-id>
      <field2>70</field2>
    </feed>
    <feed>
      <created-at type="dateTime">2020-04-25T01:40:12+10:00</created-at>
      <entry-id type="integer">91297</entry-id>
      <field2>70</field2>
    </feed>
    <feed>
      <created-at type="dateTime">2020-04-25T01:45:13+10:00</created-at>
      <entry-id type="integer">91298</entry-id>
      <field2>70</field2>
    </feed>
    <feed>
      <created-at type="dateTime">2020-04-25T01:50:14+10:00</created-at>
      <entry-id type="integer">91299</entry-id>
      <field2>70</field2>
    </feed>
    <feed>
      <created-at type="dateTime">2020-04-25T01:55:15+10:00</created-at>
      <entry-id type="integer">91300</entry-id>
      <field2>69</field2>
    </feed>
    <feed>
      <created-at type="dateTime">2020-04-25T02:00:15+10:00</created-at>
      <entry-id type="integer">91301</entry-id>
      <field2>70</field2>
    </feed>
    <feed>
      <created-at type="dateTime">2020-04-25T02:05:17+10:00</created-at>
      <entry-id type="integer">91302</entry-id>
      <field2>69</field2>
    </feed>
    <feed>
      <created-at type="dateTime">2020-04-25T02:10:22+10:00</created-at>
      <entry-id type="integer">91303</entry-id>
      <field2>68</field2>
    </feed>
    <feed>
      <created-at type="dateTime">2020-04-25T02:15:18+10:00</created-at>
      <entry-id type="integer">91304</entry-id>
      <field2>69</field2>
    </feed>
    <feed>
      <created-at type="dateTime">2020-04-25T02:20:19+10:00</created-at>
      <entry-id type="integer">91305</entry-id>
      <field2>70</field2>
    </feed>
    <feed>
      <created-at type="dateTime">2020-04-25T02:25:19+10:00</created-at>
      <entry-id type="integer">91306</entry-id>
      <field2>70</field2>
    </feed>
    <feed>
      <created-at type="dateTime">2020-04-25T02:30:20+10:00</created-at>
      <entry-id type="integer">91307</entry-id>
      <field2>70</field2>
    </feed>
    <feed>
      <created-at type="dateTime">2020-04-25T02:35:21+10:00</created-at>
      <entry-id type="integer">91308</entry-id>
      <field2>69</field2>
    </feed>
    <feed>
      <created-at type="dateTime">2020-04-25T02:40:22+10:00</created-at>
      <entry-id type="integer">91309</entry-id>
      <field2>70</field2>
    </feed>
    <feed>
      <created-at type="dateTime">2020-04-25T02:45:22+10:00</created-at>
      <entry-id type="integer">91310</entry-id>
      <field2>70</field2>
    </feed>
    <feed>
      <created-at type="dateTime">2020-04-25T02:50:28+10:00</created-at>
      <entry-id type="integer">91311</entry-id>
      <field2>69</field2>
    </feed>
    <feed>
      <created-at type="dateTime">2020-04-25T02:55:24+10:00</created-at>
      <entry-id type="integer">91312</entry-id>
      <field2>69</field2>
    </feed>
    <feed>
      <created-at type="dateTime">2020-04-25T03:00:25+10:00</created-at>
      <entry-id type="integer">91313</entry-id>
      <field2>69</field2>
    </feed>
    <feed>
      <created-at type="dateTime">2020-04-25T03:05:26+10:00</created-at>
      <entry-id type="integer">91314</entry-id>
      <field2>70</field2>
    </feed>
    <feed>
      <created-at type="dateTime">2020-04-25T03:10:27+10:00</created-at>
      <entry-id type="integer">91315</entry-id>
      <field2>69</field2>
    </feed>
    <feed>
      <created-at type="dateTime">2020-04-25T03:15:27+10:00</created-at>
      <entry-id type="integer">91316</entry-id>
      <field2>70</field2>
    </feed>
    <feed>
      <created-at type="dateTime">2020-04-25T03:20:28+10:00</created-at>
      <entry-id type="integer">91317</entry-id>
      <field2>70</field2>
    </feed>
    <feed>
      <created-at type="dateTime">2020-04-25T03:25:29+10:00</created-at>
      <entry-id type="integer">91318</entry-id>
      <field2>70</field2>
    </feed>
    <feed>
      <created-at type="dateTime">2020-04-25T03:30:29+10:00</created-at>
      <entry-id type="integer">91319</entry-id>
      <field2>68</field2>
    </feed>
    <feed>
      <created-at type="dateTime">2020-04-25T03:35:30+10:00</created-at>
      <entry-id type="integer">91320</entry-id>
      <field2>69</field2>
    </feed>
    <feed>
      <created-at type="dateTime">2020-04-25T03:40:31+10:00</created-at>
      <entry-id type="integer">91321</entry-id>
      <field2>68</field2>
    </feed>
    <feed>
      <created-at type="dateTime">2020-04-25T03:45:32+10:00</created-at>
      <entry-id type="integer">91322</entry-id>
      <field2>69</field2>
    </feed>
    <feed>
      <created-at type="dateTime">2020-04-25T03:50:33+10:00</created-at>
      <entry-id type="integer">91323</entry-id>
      <field2>69</field2>
    </feed>
    <feed>
      <created-at type="dateTime">2020-04-25T03:55:33+10:00</created-at>
      <entry-id type="integer">91324</entry-id>
      <field2>68</field2>
    </feed>
    <feed>
      <created-at type="dateTime">2020-04-25T04:00:34+10:00</created-at>
      <entry-id type="integer">91325</entry-id>
      <field2>70</field2>
    </feed>
    <feed>
      <created-at type="dateTime">2020-04-25T04:05:35+10:00</created-at>
      <entry-id type="integer">91326</entry-id>
      <field2>69</field2>
    </feed>
    <feed>
      <created-at type="dateTime">2020-04-25T04:10:36+10:00</created-at>
      <entry-id type="integer">91327</entry-id>
      <field2>70</field2>
    </feed>
    <feed>
      <created-at type="dateTime">2020-04-25T04:15:36+10:00</created-at>
      <entry-id type="integer">91328</entry-id>
      <field2>68</field2>
    </feed>
    <feed>
      <created-at type="dateTime">2020-04-25T04:20:37+10:00</created-at>
      <entry-id type="integer">91329</entry-id>
      <field2>70</field2>
    </feed>
    <feed>
      <created-at type="dateTime">2020-04-25T04:25:38+10:00</created-at>
      <entry-id type="integer">91330</entry-id>
      <field2>69</field2>
    </feed>
    <feed>
      <created-at type="dateTime">2020-04-25T04:30:39+10:00</created-at>
      <entry-id type="integer">91331</entry-id>
      <field2>69</field2>
    </feed>
    <feed>
      <created-at type="dateTime">2020-04-25T04:35:40+10:00</created-at>
      <entry-id type="integer">91332</entry-id>
      <field2>70</field2>
    </feed>
    <feed>
      <created-at type="dateTime">2020-04-25T04:40:40+10:00</created-at>
      <entry-id type="integer">91333</entry-id>
      <field2>69</field2>
    </feed>
    <feed>
      <created-at type="dateTime">2020-04-25T04:45:41+10:00</created-at>
      <entry-id type="integer">91334</entry-id>
      <field2>69</field2>
    </feed>
    <feed>
      <created-at type="dateTime">2020-04-25T04:50:42+10:00</created-at>
      <entry-id type="integer">91335</entry-id>
      <field2>69</field2>
    </feed>
    <feed>
      <created-at type="dateTime">2020-04-25T04:55:43+10:00</created-at>
      <entry-id type="integer">91336</entry-id>
      <field2>70</field2>
    </feed>
    <feed>
      <created-at type="dateTime">2020-04-25T05:00:43+10:00</created-at>
      <entry-id type="integer">91337</entry-id>
      <field2>70</field2>
    </feed>
    <feed>
      <created-at type="dateTime">2020-04-25T05:05:44+10:00</created-at>
      <entry-id type="integer">91338</entry-id>
      <field2>69</field2>
    </feed>
    <feed>
      <created-at type="dateTime">2020-04-25T05:10:45+10:00</created-at>
      <entry-id type="integer">91339</entry-id>
      <field2>68</field2>
    </feed>
    <feed>
      <created-at type="dateTime">2020-04-25T05:15:46+10:00</created-at>
      <entry-id type="integer">91340</entry-id>
      <field2>70</field2>
    </feed>
    <feed>
      <created-at type="dateTime">2020-04-25T05:20:47+10:00</created-at>
      <entry-id type="integer">91341</entry-id>
      <field2>68</field2>
    </feed>
    <feed>
      <created-at type="dateTime">2020-04-25T05:25:47+10:00</created-at>
      <entry-id type="integer">91342</entry-id>
      <field2>68</field2>
    </feed>
    <feed>
      <created-at type="dateTime">2020-04-25T05:30:48+10:00</created-at>
      <entry-id type="integer">91343</entry-id>
      <field2>69</field2>
    </feed>
    <feed>
      <created-at type="dateTime">2020-04-25T05:35:49+10:00</created-at>
      <entry-id type="integer">91344</entry-id>
      <field2>68</field2>
    </feed>
    <feed>
      <created-at type="dateTime">2020-04-25T05:40:50+10:00</created-at>
      <entry-id type="integer">91345</entry-id>
      <field2>68</field2>
    </feed>
    <feed>
      <created-at type="dateTime">2020-04-25T05:45:50+10:00</created-at>
      <entry-id type="integer">91346</entry-id>
      <field2>70</field2>
    </feed>
    <feed>
      <created-at type="dateTime">2020-04-25T05:50:51+10:00</created-at>
      <entry-id type="integer">91347</entry-id>
      <field2>68</field2>
    </feed>
    <feed>
      <created-at type="dateTime">2020-04-25T05:55:52+10:00</created-at>
      <entry-id type="integer">91348</entry-id>
      <field2>69</field2>
    </feed>
    <feed>
      <created-at type="dateTime">2020-04-25T06:00:52+10:00</created-at>
      <entry-id type="integer">91349</entry-id>
      <field2>69</field2>
    </feed>
    <feed>
      <created-at type="dateTime">2020-04-25T06:05:54+10:00</created-at>
      <entry-id type="integer">91350</entry-id>
      <field2>71</field2>
    </feed>
    <feed>
      <created-at type="dateTime">2020-04-25T06:10:54+10:00</created-at>
      <entry-id type="integer">91351</entry-id>
      <field2>73</field2>
    </feed>
    <feed>
      <created-at type="dateTime">2020-04-25T06:15:55+10:00</created-at>
      <entry-id type="integer">91352</entry-id>
      <field2>77</field2>
    </feed>
    <feed>
      <created-at type="dateTime">2020-04-25T06:20:56+10:00</created-at>
      <entry-id type="integer">91353</entry-id>
      <field2>91</field2>
    </feed>
    <feed>
      <created-at type="dateTime">2020-04-25T06:25:56+10:00</created-at>
      <entry-id type="integer">91354</entry-id>
      <field2>109</field2>
    </feed>
    <feed>
      <created-at type="dateTime">2020-04-25T06:30:57+10:00</created-at>
      <entry-id type="integer">91355</entry-id>
      <field2>147</field2>
    </feed>
    <feed>
      <created-at type="dateTime">2020-04-25T06:35:58+10:00</created-at>
      <entry-id type="integer">91356</entry-id>
      <field2>230</field2>
    </feed>
    <feed>
      <created-at type="dateTime">2020-04-25T06:40:59+10:00</created-at>
      <entry-id type="integer">91357</entry-id>
      <field2>397</field2>
    </feed>
    <feed>
      <created-at type="dateTime">2020-04-25T06:45:59+10:00</created-at>
      <entry-id type="integer">91358</entry-id>
      <field2>510</field2>
    </feed>
    <feed>
      <created-at type="dateTime">2020-04-25T06:51:00+10:00</created-at>
      <entry-id type="integer">91359</entry-id>
      <field2>563</field2>
    </feed>
    <feed>
      <created-at type="dateTime">2020-04-25T06:56:01+10:00</created-at>
      <entry-id type="integer">91360</entry-id>
      <field2>606</field2>
    </feed>
    <feed>
      <created-at type="dateTime">2020-04-25T07:01:01+10:00</created-at>
      <entry-id type="integer">91361</entry-id>
      <field2>625</field2>
    </feed>
    <feed>
      <created-at type="dateTime">2020-04-25T07:06:02+10:00</created-at>
      <entry-id type="integer">91362</entry-id>
      <field2>665</field2>
    </feed>
    <feed>
      <created-at type="dateTime">2020-04-25T07:11:03+10:00</created-at>
      <entry-id type="integer">91363</entry-id>
      <field2>699</field2>
    </feed>
    <feed>
      <created-at type="dateTime">2020-04-25T07:16:04+10:00</created-at>
      <entry-id type="integer">91364</entry-id>
      <field2>752</field2>
    </feed>
    <feed>
      <created-at type="dateTime">2020-04-25T07:21:05+10:00</created-at>
      <entry-id type="integer">91365</entry-id>
      <field2>805</field2>
    </feed>
    <feed>
      <created-at type="dateTime">2020-04-25T07:26:05+10:00</created-at>
      <entry-id type="integer">91366</entry-id>
      <field2>788</field2>
    </feed>
    <feed>
      <created-at type="dateTime">2020-04-25T07:31:06+10:00</created-at>
      <entry-id type="integer">91367</entry-id>
      <field2>846</field2>
    </feed>
    <feed>
      <created-at type="dateTime">2020-04-25T07:36:07+10:00</created-at>
      <entry-id type="integer">91368</entry-id>
      <field2>870</field2>
    </feed>
    <feed>
      <created-at type="dateTime">2020-04-25T07:41:08+10:00</created-at>
      <entry-id type="integer">91369</entry-id>
      <field2>894</field2>
    </feed>
    <feed>
      <created-at type="dateTime">2020-04-25T07:46:09+10:00</created-at>
      <entry-id type="integer">91370</entry-id>
      <field2>887</field2>
    </feed>
    <feed>
      <created-at type="dateTime">2020-04-25T07:51:09+10:00</created-at>
      <entry-id type="integer">91371</entry-id>
      <field2>898</field2>
    </feed>
    <feed>
      <created-at type="dateTime">2020-04-25T07:56:10+10:00</created-at>
      <entry-id type="integer">91372</entry-id>
      <field2>920</field2>
    </feed>
    <feed>
      <created-at type="dateTime">2020-04-25T08:01:11+10:00</created-at>
      <entry-id type="integer">91373</entry-id>
      <field2>925</field2>
    </feed>
    <feed>
      <created-at type="dateTime">2020-04-25T08:06:12+10:00</created-at>
      <entry-id type="integer">91374</entry-id>
      <field2>932</field2>
    </feed>
    <feed>
      <created-at type="dateTime">2020-04-25T08:11:13+10:00</created-at>
      <entry-id type="integer">91375</entry-id>
      <field2>956</field2>
    </feed>
    <feed>
      <created-at type="dateTime">2020-04-25T08:16:14+10:00</created-at>
      <entry-id type="integer">91376</entry-id>
      <field2>942</field2>
    </feed>
    <feed>
      <created-at type="dateTime">2020-04-25T08:21:15+10:00</created-at>
      <entry-id type="integer">91377</entry-id>
      <field2>946</field2>
    </feed>
    <feed>
      <created-at type="dateTime">2020-04-25T08:26:16+10:00</created-at>
      <entry-id type="integer">91378</entry-id>
      <field2>951</field2>
    </feed>
    <feed>
      <created-at type="dateTime">2020-04-25T08:31:17+10:00</created-at>
      <entry-id type="integer">91379</entry-id>
      <field2>953</field2>
    </feed>
    <feed>
      <created-at type="dateTime">2020-04-25T08:36:18+10:00</created-at>
      <entry-id type="integer">91380</entry-id>
      <field2>958</field2>
    </feed>
    <feed>
      <created-at type="dateTime">2020-04-25T08:41:19+10:00</created-at>
      <entry-id type="integer">91381</entry-id>
      <field2>964</field2>
    </feed>
    <feed>
      <created-at type="dateTime">2020-04-25T08:46:20+10:00</created-at>
      <entry-id type="integer">91382</entry-id>
      <field2>951</field2>
    </feed>
    <feed>
      <created-at type="dateTime">2020-04-25T08:51:21+10:00</created-at>
      <entry-id type="integer">91383</entry-id>
      <field2>976</field2>
    </feed>
    <feed>
      <created-at type="dateTime">2020-04-25T08:56:22+10:00</created-at>
      <entry-id type="integer">91384</entry-id>
      <field2>966</field2>
    </feed>
    <feed>
      <created-at type="dateTime">2020-04-25T09:01:23+10:00</created-at>
      <entry-id type="integer">91385</entry-id>
      <field2>955</field2>
    </feed>
    <feed>
      <created-at type="dateTime">2020-04-25T09:06:24+10:00</created-at>
      <entry-id type="integer">91386</entry-id>
      <field2>950</field2>
    </feed>
    <feed>
      <created-at type="dateTime">2020-04-25T09:11:25+10:00</created-at>
      <entry-id type="integer">91387</entry-id>
      <field2>941</field2>
    </feed>
    <feed>
      <created-at type="dateTime">2020-04-25T09:16:27+10:00</created-at>
      <entry-id type="integer">91388</entry-id>
      <field2>930</field2>
    </feed>
    <feed>
      <created-at type="dateTime">2020-04-25T09:21:27+10:00</created-at>
      <entry-id type="integer">91389</entry-id>
      <field2>903</field2>
    </feed>
    <feed>
      <created-at type="dateTime">2020-04-25T09:26:28+10:00</created-at>
      <entry-id type="integer">91390</entry-id>
      <field2>928</field2>
    </feed>
    <feed>
      <created-at type="dateTime">2020-04-25T09:31:29+10:00</created-at>
      <entry-id type="integer">91391</entry-id>
      <field2>950</field2>
    </feed>
    <feed>
      <created-at type="dateTime">2020-04-25T09:36:30+10:00</created-at>
      <entry-id type="integer">91392</entry-id>
      <field2>938</field2>
    </feed>
    <feed>
      <created-at type="dateTime">2020-04-25T09:41:31+10:00</created-at>
      <entry-id type="integer">91393</entry-id>
      <field2>921</field2>
    </feed>
    <feed>
      <created-at type="dateTime">2020-04-25T09:46:33+10:00</created-at>
      <entry-id type="integer">91394</entry-id>
      <field2>914</field2>
    </feed>
    <feed>
      <created-at type="dateTime">2020-04-25T09:51:33+10:00</created-at>
      <entry-id type="integer">91395</entry-id>
      <field2>939</field2>
    </feed>
    <feed>
      <created-at type="dateTime">2020-04-25T09:56:34+10:00</created-at>
      <entry-id type="integer">91396</entry-id>
      <field2>939</field2>
    </feed>
    <feed>
      <created-at type="dateTime">2020-04-25T10:01:36+10:00</created-at>
      <entry-id type="integer">91397</entry-id>
      <field2>965</field2>
    </feed>
    <feed>
      <created-at type="dateTime">2020-04-25T10:06:37+10:00</created-at>
      <entry-id type="integer">91398</entry-id>
      <field2>953</field2>
    </feed>
    <feed>
      <created-at type="dateTime">2020-04-25T10:11:38+10:00</created-at>
      <entry-id type="integer">91399</entry-id>
      <field2>951</field2>
    </feed>
    <feed>
      <created-at type="dateTime">2020-04-25T10:16:39+10:00</created-at>
      <entry-id type="integer">91400</entry-id>
      <field2>959</field2>
    </feed>
    <feed>
      <created-at type="dateTime">2020-04-25T10:21:41+10:00</created-at>
      <entry-id type="integer">91401</entry-id>
      <field2>962</field2>
    </feed>
    <feed>
      <created-at type="dateTime">2020-04-25T10:26:42+10:00</created-at>
      <entry-id type="integer">91402</entry-id>
      <field2>958</field2>
    </feed>
    <feed>
      <created-at type="dateTime">2020-04-25T10:31:43+10:00</created-at>
      <entry-id type="integer">91403</entry-id>
      <field2>955</field2>
    </feed>
    <feed>
      <created-at type="dateTime">2020-04-25T10:36:44+10:00</created-at>
      <entry-id type="integer">91404</entry-id>
      <field2>950</field2>
    </feed>
    <feed>
      <created-at type="dateTime">2020-04-25T10:41:46+10:00</created-at>
      <entry-id type="integer">91405</entry-id>
      <field2>959</field2>
    </feed>
    <feed>
      <created-at type="dateTime">2020-04-25T10:46:47+10:00</created-at>
      <entry-id type="integer">91406</entry-id>
      <field2>955</field2>
    </feed>
    <feed>
      <created-at type="dateTime">2020-04-25T10:51:48+10:00</created-at>
      <entry-id type="integer">91407</entry-id>
      <field2>957</field2>
    </feed>
    <feed>
      <created-at type="dateTime">2020-04-25T10:56:49+10:00</created-at>
      <entry-id type="integer">91408</entry-id>
      <field2>961</field2>
    </feed>
    <feed>
      <created-at type="dateTime">2020-04-25T11:01:50+10:00</created-at>
      <entry-id type="integer">91409</entry-id>
      <field2>960</field2>
    </feed>
    <feed>
      <created-at type="dateTime">2020-04-25T11:06:52+10:00</created-at>
      <entry-id type="integer">91410</entry-id>
      <field2>946</field2>
    </feed>
    <feed>
      <created-at type="dateTime">2020-04-25T11:11:53+10:00</created-at>
      <entry-id type="integer">91411</entry-id>
      <field2>944</field2>
    </feed>
    <feed>
      <created-at type="dateTime">2020-04-25T11:16:55+10:00</created-at>
      <entry-id type="integer">91412</entry-id>
      <field2>948</field2>
    </feed>
    <feed>
      <created-at type="dateTime">2020-04-25T11:21:56+10:00</created-at>
      <entry-id type="integer">91413</entry-id>
      <field2>946</field2>
    </feed>
    <feed>
      <created-at type="dateTime">2020-04-25T11:26:57+10:00</created-at>
      <entry-id type="integer">91414</entry-id>
      <field2>937</field2>
    </feed>
    <feed>
      <created-at type="dateTime">2020-04-25T11:31:58+10:00</created-at>
      <entry-id type="integer">91415</entry-id>
      <field2>950</field2>
    </feed>
    <feed>
      <created-at type="dateTime">2020-04-25T11:36:59+10:00</created-at>
      <entry-id type="integer">91416</entry-id>
      <field2>956</field2>
    </feed>
    <feed>
      <created-at type="dateTime">2020-04-25T11:42:01+10:00</created-at>
      <entry-id type="integer">91417</entry-id>
      <field2>953</field2>
    </feed>
    <feed>
      <created-at type="dateTime">2020-04-25T11:47:02+10:00</created-at>
      <entry-id type="integer">91418</entry-id>
      <field2>962</field2>
    </feed>
    <feed>
      <created-at type="dateTime">2020-04-25T11:52:04+10:00</created-at>
      <entry-id type="integer">91419</entry-id>
      <field2>950</field2>
    </feed>
    <feed>
      <created-at type="dateTime">2020-04-25T11:57:05+10:00</created-at>
      <entry-id type="integer">91420</entry-id>
      <field2>939</field2>
    </feed>
    <feed>
      <created-at type="dateTime">2020-04-25T12:02:06+10:00</created-at>
      <entry-id type="integer">91421</entry-id>
      <field2>936</field2>
    </feed>
    <feed>
      <created-at type="dateTime">2020-04-25T12:07:07+10:00</created-at>
      <entry-id type="integer">91422</entry-id>
      <field2>943</field2>
    </feed>
    <feed>
      <created-at type="dateTime">2020-04-25T12:12:08+10:00</created-at>
      <entry-id type="integer">91423</entry-id>
      <field2>950</field2>
    </feed>
    <feed>
      <created-at type="dateTime">2020-04-25T12:17:10+10:00</created-at>
      <entry-id type="integer">91424</entry-id>
      <field2>951</field2>
    </feed>
    <feed>
      <created-at type="dateTime">2020-04-25T12:22:11+10:00</created-at>
      <entry-id type="integer">91425</entry-id>
      <field2>952</field2>
    </feed>
    <feed>
      <created-at type="dateTime">2020-04-25T12:27:12+10:00</created-at>
      <entry-id type="integer">91426</entry-id>
      <field2>947</field2>
    </feed>
    <feed>
      <created-at type="dateTime">2020-04-25T12:32:14+10:00</created-at>
      <entry-id type="integer">91427</entry-id>
      <field2>944</field2>
    </feed>
    <feed>
      <created-at type="dateTime">2020-04-25T12:37:15+10:00</created-at>
      <entry-id type="integer">91428</entry-id>
      <field2>954</field2>
    </feed>
    <feed>
      <created-at type="dateTime">2020-04-25T12:42:16+10:00</created-at>
      <entry-id type="integer">91429</entry-id>
      <field2>954</field2>
    </feed>
    <feed>
      <created-at type="dateTime">2020-04-25T12:47:17+10:00</created-at>
      <entry-id type="integer">91430</entry-id>
      <field2>952</field2>
    </feed>
    <feed>
      <created-at type="dateTime">2020-04-25T12:52:19+10:00</created-at>
      <entry-id type="integer">91431</entry-id>
      <field2>924</field2>
    </feed>
    <feed>
      <created-at type="dateTime">2020-04-25T12:57:20+10:00</created-at>
      <entry-id type="integer">91432</entry-id>
      <field2>939</field2>
    </feed>
    <feed>
      <created-at type="dateTime">2020-04-25T13:02:22+10:00</created-at>
      <entry-id type="integer">91433</entry-id>
      <field2>943</field2>
    </feed>
    <feed>
      <created-at type="dateTime">2020-04-25T13:07:23+10:00</created-at>
      <entry-id type="integer">91434</entry-id>
      <field2>944</field2>
    </feed>
    <feed>
      <created-at type="dateTime">2020-04-25T13:12:24+10:00</created-at>
      <entry-id type="integer">91435</entry-id>
      <field2>939</field2>
    </feed>
    <feed>
      <created-at type="dateTime">2020-04-25T13:17:26+10:00</created-at>
      <entry-id type="integer">91436</entry-id>
      <field2>949</field2>
    </feed>
    <feed>
      <created-at type="dateTime">2020-04-25T13:22:27+10:00</created-at>
      <entry-id type="integer">91437</entry-id>
      <field2>945</field2>
    </feed>
    <feed>
      <created-at type="dateTime">2020-04-25T13:27:28+10:00</created-at>
      <entry-id type="integer">91438</entry-id>
      <field2>937</field2>
    </feed>
    <feed>
      <created-at type="dateTime">2020-04-25T13:32:30+10:00</created-at>
      <entry-id type="integer">91439</entry-id>
      <field2>941</field2>
    </feed>
    <feed>
      <created-at type="dateTime">2020-04-25T13:37:31+10:00</created-at>
      <entry-id type="integer">91440</entry-id>
      <field2>942</field2>
    </feed>
    <feed>
      <created-at type="dateTime">2020-04-25T13:42:32+10:00</created-at>
      <entry-id type="integer">91441</entry-id>
      <field2>934</field2>
    </feed>
    <feed>
      <created-at type="dateTime">2020-04-25T13:47:33+10:00</created-at>
      <entry-id type="integer">91442</entry-id>
      <field2>941</field2>
    </feed>
    <feed>
      <created-at type="dateTime">2020-04-25T13:52:34+10:00</created-at>
      <entry-id type="integer">91443</entry-id>
      <field2>942</field2>
    </feed>
    <feed>
      <created-at type="dateTime">2020-04-25T13:57:36+10:00</created-at>
      <entry-id type="integer">91444</entry-id>
      <field2>947</field2>
    </feed>
    <feed>
      <created-at type="dateTime">2020-04-25T14:02:37+10:00</created-at>
      <entry-id type="integer">91445</entry-id>
      <field2>944</field2>
    </feed>
    <feed>
      <created-at type="dateTime">2020-04-25T14:07:38+10:00</created-at>
      <entry-id type="integer">91446</entry-id>
      <field2>943</field2>
    </feed>
    <feed>
      <created-at type="dateTime">2020-04-25T14:12:40+10:00</created-at>
      <entry-id type="integer">91447</entry-id>
      <field2>936</field2>
    </feed>
    <feed>
      <created-at type="dateTime">2020-04-25T14:17:41+10:00</created-at>
      <entry-id type="integer">91448</entry-id>
      <field2>941</field2>
    </feed>
    <feed>
      <created-at type="dateTime">2020-04-25T14:22:42+10:00</created-at>
      <entry-id type="integer">91449</entry-id>
      <field2>945</field2>
    </feed>
    <feed>
      <created-at type="dateTime">2020-04-25T14:27:44+10:00</created-at>
      <entry-id type="integer">91450</entry-id>
      <field2>947</field2>
    </feed>
    <feed>
      <created-at type="dateTime">2020-04-25T14:32:45+10:00</created-at>
      <entry-id type="integer">91451</entry-id>
      <field2>939</field2>
    </feed>
    <feed>
      <created-at type="dateTime">2020-04-25T14:37:46+10:00</created-at>
      <entry-id type="integer">91452</entry-id>
      <field2>941</field2>
    </feed>
    <feed>
      <created-at type="dateTime">2020-04-25T14:42:48+10:00</created-at>
      <entry-id type="integer">91453</entry-id>
      <field2>927</field2>
    </feed>
    <feed>
      <created-at type="dateTime">2020-04-25T14:47:49+10:00</created-at>
      <entry-id type="integer">91454</entry-id>
      <field2>911</field2>
    </feed>
    <feed>
      <created-at type="dateTime">2020-04-25T14:52:51+10:00</created-at>
      <entry-id type="integer">91455</entry-id>
      <field2>919</field2>
    </feed>
    <feed>
      <created-at type="dateTime">2020-04-25T14:57:52+10:00</created-at>
      <entry-id type="integer">91456</entry-id>
      <field2>936</field2>
    </feed>
    <feed>
      <created-at type="dateTime">2020-04-25T15:02:53+10:00</created-at>
      <entry-id type="integer">91457</entry-id>
      <field2>930</field2>
    </feed>
    <feed>
      <created-at type="dateTime">2020-04-25T15:07:54+10:00</created-at>
      <entry-id type="integer">91458</entry-id>
      <field2>907</field2>
    </feed>
    <feed>
      <created-at type="dateTime">2020-04-25T15:12:56+10:00</created-at>
      <entry-id type="integer">91459</entry-id>
      <field2>800</field2>
    </feed>
    <feed>
      <created-at type="dateTime">2020-04-25T15:17:57+10:00</created-at>
      <entry-id type="integer">91460</entry-id>
      <field2>878</field2>
    </feed>
    <feed>
      <created-at type="dateTime">2020-04-25T15:22:58+10:00</created-at>
      <entry-id type="integer">91461</entry-id>
      <field2>885</field2>
    </feed>
    <feed>
      <created-at type="dateTime">2020-04-25T15:27:59+10:00</created-at>
      <entry-id type="integer">91462</entry-id>
      <field2>881</field2>
    </feed>
    <feed>
      <created-at type="dateTime">2020-04-25T15:33:01+10:00</created-at>
      <entry-id type="integer">91463</entry-id>
      <field2>896</field2>
    </feed>
    <feed>
      <created-at type="dateTime">2020-04-25T15:38:02+10:00</created-at>
      <entry-id type="integer">91464</entry-id>
      <field2>885</field2>
    </feed>
    <feed>
      <created-at type="dateTime">2020-04-25T15:43:03+10:00</created-at>
      <entry-id type="integer">91465</entry-id>
      <field2>860</field2>
    </feed>
    <feed>
      <created-at type="dateTime">2020-04-25T15:48:04+10:00</created-at>
      <entry-id type="integer">91466</entry-id>
      <field2>784</field2>
    </feed>
    <feed>
      <created-at type="dateTime">2020-04-25T15:53:05+10:00</created-at>
      <entry-id type="integer">91467</entry-id>
      <field2>752</field2>
    </feed>
    <feed>
      <created-at type="dateTime">2020-04-25T15:58:06+10:00</created-at>
      <entry-id type="integer">91468</entry-id>
      <field2>841</field2>
    </feed>
    <feed>
      <created-at type="dateTime">2020-04-25T16:03:07+10:00</created-at>
      <entry-id type="integer">91469</entry-id>
      <field2>866</field2>
    </feed>
    <feed>
      <created-at type="dateTime">2020-04-25T16:08:09+10:00</created-at>
      <entry-id type="integer">91470</entry-id>
      <field2>870</field2>
    </feed>
    <feed>
      <created-at type="dateTime">2020-04-25T16:13:09+10:00</created-at>
      <entry-id type="integer">91471</entry-id>
      <field2>779</field2>
    </feed>
    <feed>
      <created-at type="dateTime">2020-04-25T16:18:10+10:00</created-at>
      <entry-id type="integer">91472</entry-id>
      <field2>738</field2>
    </feed>
    <feed>
      <created-at type="dateTime">2020-04-25T16:23:11+10:00</created-at>
      <entry-id type="integer">91473</entry-id>
      <field2>716</field2>
    </feed>
    <feed>
      <created-at type="dateTime">2020-04-25T16:28:12+10:00</created-at>
      <entry-id type="integer">91474</entry-id>
      <field2>677</field2>
    </feed>
    <feed>
      <created-at type="dateTime">2020-04-25T16:33:13+10:00</created-at>
      <entry-id type="integer">91475</entry-id>
      <field2>714</field2>
    </feed>
    <feed>
      <created-at type="dateTime">2020-04-25T16:38:14+10:00</created-at>
      <entry-id type="integer">91476</entry-id>
      <field2>758</field2>
    </feed>
    <feed>
      <created-at type="dateTime">2020-04-25T16:43:15+10:00</created-at>
      <entry-id type="integer">91477</entry-id>
      <field2>764</field2>
    </feed>
    <feed>
      <created-at type="dateTime">2020-04-25T16:48:16+10:00</created-at>
      <entry-id type="integer">91478</entry-id>
      <field2>779</field2>
    </feed>
    <feed>
      <created-at type="dateTime">2020-04-25T16:53:17+10:00</created-at>
      <entry-id type="integer">91479</entry-id>
      <field2>792</field2>
    </feed>
    <feed>
      <created-at type="dateTime">2020-04-25T16:58:18+10:00</created-at>
      <entry-id type="integer">91480</entry-id>
      <field2>769</field2>
    </feed>
    <feed>
      <created-at type="dateTime">2020-04-25T17:03:19+10:00</created-at>
      <entry-id type="integer">91481</entry-id>
      <field2>731</field2>
    </feed>
    <feed>
      <created-at type="dateTime">2020-04-25T17:08:20+10:00</created-at>
      <entry-id type="integer">91482</entry-id>
      <field2>714</field2>
    </feed>
    <feed>
      <created-at type="dateTime">2020-04-25T17:13:21+10:00</created-at>
      <entry-id type="integer">91483</entry-id>
      <field2>652</field2>
    </feed>
    <feed>
      <created-at type="dateTime">2020-04-25T17:18:22+10:00</created-at>
      <entry-id type="integer">91484</entry-id>
      <field2>594</field2>
    </feed>
    <feed>
      <created-at type="dateTime">2020-04-25T17:23:23+10:00</created-at>
      <entry-id type="integer">91485</entry-id>
      <field2>495</field2>
    </feed>
    <feed>
      <created-at type="dateTime">2020-04-25T17:28:24+10:00</created-at>
      <entry-id type="integer">91486</entry-id>
      <field2>398</field2>
    </feed>
    <feed>
      <created-at type="dateTime">2020-04-25T17:33:25+10:00</created-at>
      <entry-id type="integer">91487</entry-id>
      <field2>361</field2>
    </feed>
    <feed>
      <created-at type="dateTime">2020-04-25T17:38:26+10:00</created-at>
      <entry-id type="integer">91488</entry-id>
      <field2>251</field2>
    </feed>
    <feed>
      <created-at type="dateTime">2020-04-25T17:43:27+10:00</created-at>
      <entry-id type="integer">91489</entry-id>
      <field2>150</field2>
    </feed>
    <feed>
      <created-at type="dateTime">2020-04-25T17:48:28+10:00</created-at>
      <entry-id type="integer">91490</entry-id>
      <field2>109</field2>
    </feed>
    <feed>
      <created-at type="dateTime">2020-04-25T17:53:29+10:00</created-at>
      <entry-id type="integer">91491</entry-id>
      <field2>90</field2>
    </feed>
    <feed>
      <created-at type="dateTime">2020-04-25T17:58:30+10:00</created-at>
      <entry-id type="integer">91492</entry-id>
      <field2>77</field2>
    </feed>
    <feed>
      <created-at type="dateTime">2020-04-25T18:03:30+10:00</created-at>
      <entry-id type="integer">91493</entry-id>
      <field2>73</field2>
    </feed>
    <feed>
      <created-at type="dateTime">2020-04-25T18:08:31+10:00</created-at>
      <entry-id type="integer">91494</entry-id>
      <field2>69</field2>
    </feed>
    <feed>
      <created-at type="dateTime">2020-04-25T18:13:32+10:00</created-at>
      <entry-id type="integer">91495</entry-id>
      <field2>70</field2>
    </feed>
    <feed>
      <created-at type="dateTime">2020-04-25T18:18:34+10:00</created-at>
      <entry-id type="integer">91496</entry-id>
      <field2>69</field2>
    </feed>
    <feed>
      <created-at type="dateTime">2020-04-25T18:23:34+10:00</created-at>
      <entry-id type="integer">91497</entry-id>
      <field2>71</field2>
    </feed>
    <feed>
      <created-at type="dateTime">2020-04-25T18:28:35+10:00</created-at>
      <entry-id type="integer">91498</entry-id>
      <field2>70</field2>
    </feed>
    <feed>
      <created-at type="dateTime">2020-04-25T18:33:36+10:00</created-at>
      <entry-id type="integer">91499</entry-id>
      <field2>70</field2>
    </feed>
    <feed>
      <created-at type="dateTime">2020-04-25T18:38:37+10:00</created-at>
      <entry-id type="integer">91500</entry-id>
      <field2>72</field2>
    </feed>
    <feed>
      <created-at type="dateTime">2020-04-25T18:43:38+10:00</created-at>
      <entry-id type="integer">91501</entry-id>
      <field2>71</field2>
    </feed>
    <feed>
      <created-at type="dateTime">2020-04-25T18:48:39+10:00</created-at>
      <entry-id type="integer">91502</entry-id>
      <field2>71</field2>
    </feed>
    <feed>
      <created-at type="dateTime">2020-04-25T18:53:40+10:00</created-at>
      <entry-id type="integer">91503</entry-id>
      <field2>69</field2>
    </feed>
    <feed>
      <created-at type="dateTime">2020-04-25T18:58:41+10:00</created-at>
      <entry-id type="integer">91504</entry-id>
      <field2>69</field2>
    </feed>
    <feed>
      <created-at type="dateTime">2020-04-25T19:03:41+10:00</created-at>
      <entry-id type="integer">91505</entry-id>
      <field2>70</field2>
    </feed>
    <feed>
      <created-at type="dateTime">2020-04-25T19:08:43+10:00</created-at>
      <entry-id type="integer">91506</entry-id>
      <field2>71</field2>
    </feed>
    <feed>
      <created-at type="dateTime">2020-04-25T19:13:43+10:00</created-at>
      <entry-id type="integer">91507</entry-id>
      <field2>71</field2>
    </feed>
    <feed>
      <created-at type="dateTime">2020-04-25T19:18:44+10:00</created-at>
      <entry-id type="integer">91508</entry-id>
      <field2>71</field2>
    </feed>
    <feed>
      <created-at type="dateTime">2020-04-25T19:23:45+10:00</created-at>
      <entry-id type="integer">91509</entry-id>
      <field2>71</field2>
    </feed>
    <feed>
      <created-at type="dateTime">2020-04-25T19:28:46+10:00</created-at>
      <entry-id type="integer">91510</entry-id>
      <field2>70</field2>
    </feed>
    <feed>
      <created-at type="dateTime">2020-04-25T19:33:47+10:00</created-at>
      <entry-id type="integer">91511</entry-id>
      <field2>72</field2>
    </feed>
    <feed>
      <created-at type="dateTime">2020-04-25T19:38:48+10:00</created-at>
      <entry-id type="integer">91512</entry-id>
      <field2>72</field2>
    </feed>
    <feed>
      <created-at type="dateTime">2020-04-25T19:43:49+10:00</created-at>
      <entry-id type="integer">91513</entry-id>
      <field2>70</field2>
    </feed>
    <feed>
      <created-at type="dateTime">2020-04-25T19:48:50+10:00</created-at>
      <entry-id type="integer">91514</entry-id>
      <field2>70</field2>
    </feed>
    <feed>
      <created-at type="dateTime">2020-04-25T19:53:50+10:00</created-at>
      <entry-id type="integer">91515</entry-id>
      <field2>70</field2>
    </feed>
    <feed>
      <created-at type="dateTime">2020-04-25T19:58:51+10:00</created-at>
      <entry-id type="integer">91516</entry-id>
      <field2>69</field2>
    </feed>
    <feed>
      <created-at type="dateTime">2020-04-25T20:03:52+10:00</created-at>
      <entry-id type="integer">91517</entry-id>
      <field2>69</field2>
    </feed>
    <feed>
      <created-at type="dateTime">2020-04-25T20:08:53+10:00</created-at>
      <entry-id type="integer">91518</entry-id>
      <field2>70</field2>
    </feed>
    <feed>
      <created-at type="dateTime">2020-04-25T20:13:54+10:00</created-at>
      <entry-id type="integer">91519</entry-id>
      <field2>70</field2>
    </feed>
    <feed>
      <created-at type="dateTime">2020-04-25T20:18:55+10:00</created-at>
      <entry-id type="integer">91520</entry-id>
      <field2>70</field2>
    </feed>
    <feed>
      <created-at type="dateTime">2020-04-25T20:23:56+10:00</created-at>
      <entry-id type="integer">91521</entry-id>
      <field2>68</field2>
    </feed>
    <feed>
      <created-at type="dateTime">2020-04-25T20:28:57+10:00</created-at>
      <entry-id type="integer">91522</entry-id>
      <field2>69</field2>
    </feed>
    <feed>
      <created-at type="dateTime">2020-04-25T20:33:58+10:00</created-at>
      <entry-id type="integer">91523</entry-id>
      <field2>69</field2>
    </feed>
    <feed>
      <created-at type="dateTime">2020-04-25T20:38:58+10:00</created-at>
      <entry-id type="integer">91524</entry-id>
      <field2>70</field2>
    </feed>
    <feed>
      <created-at type="dateTime">2020-04-25T20:43:59+10:00</created-at>
      <entry-id type="integer">91525</entry-id>
      <field2>69</field2>
    </feed>
    <feed>
      <created-at type="dateTime">2020-04-25T20:49:01+10:00</created-at>
      <entry-id type="integer">91526</entry-id>
      <field2>68</field2>
    </feed>
    <feed>
      <created-at type="dateTime">2020-04-25T20:54:01+10:00</created-at>
      <entry-id type="integer">91527</entry-id>
      <field2>69</field2>
    </feed>
    <feed>
      <created-at type="dateTime">2020-04-25T20:59:02+10:00</created-at>
      <entry-id type="integer">91528</entry-id>
      <field2>68</field2>
    </feed>
    <feed>
      <created-at type="dateTime">2020-04-25T21:04:03+10:00</created-at>
      <entry-id type="integer">91529</entry-id>
      <field2>68</field2>
    </feed>
    <feed>
      <created-at type="dateTime">2020-04-25T21:09:04+10:00</created-at>
      <entry-id type="integer">91530</entry-id>
      <field2>67</field2>
    </feed>
    <feed>
      <created-at type="dateTime">2020-04-25T21:14:05+10:00</created-at>
      <entry-id type="integer">91531</entry-id>
      <field2>67</field2>
    </feed>
    <feed>
      <created-at type="dateTime">2020-04-25T21:19:06+10:00</created-at>
      <entry-id type="integer">91532</entry-id>
      <field2>68</field2>
    </feed>
    <feed>
      <created-at type="dateTime">2020-04-25T21:24:07+10:00</created-at>
      <entry-id type="integer">91533</entry-id>
      <field2>68</field2>
    </feed>
    <feed>
      <created-at type="dateTime">2020-04-25T21:29:08+10:00</created-at>
      <entry-id type="integer">91534</entry-id>
      <field2>68</field2>
    </feed>
    <feed>
      <created-at type="dateTime">2020-04-25T21:34:08+10:00</created-at>
      <entry-id type="integer">91535</entry-id>
      <field2>67</field2>
    </feed>
    <feed>
      <created-at type="dateTime">2020-04-25T21:39:10+10:00</created-at>
      <entry-id type="integer">91536</entry-id>
      <field2>66</field2>
    </feed>
    <feed>
      <created-at type="dateTime">2020-04-25T21:44:15+10:00</created-at>
      <entry-id type="integer">91537</entry-id>
      <field2>68</field2>
    </feed>
    <feed>
      <created-at type="dateTime">2020-04-25T21:49:11+10:00</created-at>
      <entry-id type="integer">91538</entry-id>
      <field2>66</field2>
    </feed>
    <feed>
      <created-at type="dateTime">2020-04-25T21:54:12+10:00</created-at>
      <entry-id type="integer">91539</entry-id>
      <field2>67</field2>
    </feed>
    <feed>
      <created-at type="dateTime">2020-04-25T21:59:13+10:00</created-at>
      <entry-id type="integer">91540</entry-id>
      <field2>67</field2>
    </feed>
    <feed>
      <created-at type="dateTime">2020-04-25T22:04:14+10:00</created-at>
      <entry-id type="integer">91541</entry-id>
      <field2>66</field2>
    </feed>
    <feed>
      <created-at type="dateTime">2020-04-25T22:09:14+10:00</created-at>
      <entry-id type="integer">91542</entry-id>
      <field2>68</field2>
    </feed>
    <feed>
      <created-at type="dateTime">2020-04-25T22:14:16+10:00</created-at>
      <entry-id type="integer">91543</entry-id>
      <field2>68</field2>
    </feed>
    <feed>
      <created-at type="dateTime">2020-04-25T22:19:16+10:00</created-at>
      <entry-id type="integer">91544</entry-id>
      <field2>68</field2>
    </feed>
    <feed>
      <created-at type="dateTime">2020-04-25T22:24:17+10:00</created-at>
      <entry-id type="integer">91545</entry-id>
      <field2>67</field2>
    </feed>
    <feed>
      <created-at type="dateTime">2020-04-25T22:29:18+10:00</created-at>
      <entry-id type="integer">91546</entry-id>
      <field2>67</field2>
    </feed>
    <feed>
      <created-at type="dateTime">2020-04-25T22:34:19+10:00</created-at>
      <entry-id type="integer">91547</entry-id>
      <field2>68</field2>
    </feed>
    <feed>
      <created-at type="dateTime">2020-04-25T22:39:20+10:00</created-at>
      <entry-id type="integer">91548</entry-id>
      <field2>67</field2>
    </feed>
    <feed>
      <created-at type="dateTime">2020-04-25T22:44:21+10:00</created-at>
      <entry-id type="integer">91549</entry-id>
      <field2>68</field2>
    </feed>
    <feed>
      <created-at type="dateTime">2020-04-25T22:49:22+10:00</created-at>
      <entry-id type="integer">91550</entry-id>
      <field2>67</field2>
    </feed>
    <feed>
      <created-at type="dateTime">2020-04-25T22:54:22+10:00</created-at>
      <entry-id type="integer">91551</entry-id>
      <field2>68</field2>
    </feed>
    <feed>
      <created-at type="dateTime">2020-04-25T22:59:23+10:00</created-at>
      <entry-id type="integer">91552</entry-id>
      <field2>66</field2>
    </feed>
    <feed>
      <created-at type="dateTime">2020-04-25T23:04:24+10:00</created-at>
      <entry-id type="integer">91553</entry-id>
      <field2>66</field2>
    </feed>
    <feed>
      <created-at type="dateTime">2020-04-25T23:09:25+10:00</created-at>
      <entry-id type="integer">91554</entry-id>
      <field2>67</field2>
    </feed>
    <feed>
      <created-at type="dateTime">2020-04-25T23:14:26+10:00</created-at>
      <entry-id type="integer">91555</entry-id>
      <field2>68</field2>
    </feed>
    <feed>
      <created-at type="dateTime">2020-04-25T23:19:27+10:00</created-at>
      <entry-id type="integer">91556</entry-id>
      <field2>67</field2>
    </feed>
    <feed>
      <created-at type="dateTime">2020-04-25T23:24:28+10:00</created-at>
      <entry-id type="integer">91557</entry-id>
      <field2>68</field2>
    </feed>
    <feed>
      <created-at type="dateTime">2020-04-25T23:29:29+10:00</created-at>
      <entry-id type="integer">91558</entry-id>
      <field2>67</field2>
    </feed>
    <feed>
      <created-at type="dateTime">2020-04-25T23:34:30+10:00</created-at>
      <entry-id type="integer">91559</entry-id>
      <field2>69</field2>
    </feed>
    <feed>
      <created-at type="dateTime">2020-04-25T23:39:30+10:00</created-at>
      <entry-id type="integer">91560</entry-id>
      <field2>67</field2>
    </feed>
    <feed>
      <created-at type="dateTime">2020-04-25T23:44:31+10:00</created-at>
      <entry-id type="integer">91561</entry-id>
      <field2>67</field2>
    </feed>
    <feed>
      <created-at type="dateTime">2020-04-25T23:49:32+10:00</created-at>
      <entry-id type="integer">91562</entry-id>
      <field2>67</field2>
    </feed>
    <feed>
      <created-at type="dateTime">2020-04-25T23:54:33+10:00</created-at>
      <entry-id type="integer">91563</entry-id>
      <field2>67</field2>
    </feed>
    <feed>
      <created-at type="dateTime">2020-04-25T23:59:34+10:00</created-at>
      <entry-id type="integer">91564</entry-id>
      <field2>66</field2>
    </feed>
  </feeds>
</channel>